{"cameraMode":{"drawMode":31,"name":"Sprite Mask","section":"Miscellaneous"},"sceneLighting":true,"audioPlay":false,"sceneViewState":{"showFog":true,"showMaterialUpdate":false,"showSkybox":true,"showFlares":true,"showImageEffects":true,"showParticleSystems":true},"in2DMode":false,"pivot":{"x":-1.547239899635315,"y":1.0402369499206544,"z":2.80143666267395},"rotation":{"x":0.3967004418373108,"y":0.43269315361976626,"z":-0.2203434556722641,"w":0.7790340781211853},"size":12.67612361907959,"orthographic":false}