{"cameraMode":{"drawMode":31,"name":"Sprite Mask","section":"Miscellaneous"},"sceneLighting":false,"audioPlay":false,"sceneViewState":{"showFog":true,"showMaterialUpdate":false,"showSkybox":false,"showFlares":true,"showImageEffects":true,"showParticleSystems":true},"in2DMode":false,"pivot":{"x":15.039999961853028,"y":1.1830127239227296,"z":-8.25},"rotation":{"x":-0.002985259983688593,"y":0.09883813560009003,"z":0.0002975399256683886,"w":0.9951025247573853},"size":4.675652027130127,"orthographic":false}