{"cameraMode":{"drawMode":31,"name":"Sprite Mask","section":"Miscellaneous"},"sceneLighting":false,"audioPlay":false,"sceneViewState":{"showFog":true,"showMaterialUpdate":false,"showSkybox":false,"showFlares":true,"showImageEffects":true,"showParticleSystems":true},"in2DMode":false,"pivot":{"x":510.59619140625,"y":314.3399658203125,"z":-18.051774978637697},"rotation":{"x":-0.01799868233501911,"y":-0.007498933468014002,"z":-0.0001296374830417335,"w":0.9998325109481812},"size":297.053955078125,"orthographic":false}