{"cameraMode":{"drawMode":31,"name":"Sprite Mask","section":"Miscellaneous"},"sceneLighting":false,"audioPlay":false,"sceneViewState":{"showFog":true,"showMaterialUpdate":false,"showSkybox":false,"showFlares":true,"showImageEffects":true,"showParticleSystems":true},"in2DMode":false,"pivot":{"x":0.30987364053726199,"y":2.106503963470459,"z":-0.0017474889755249024},"rotation":{"x":-0.05846533924341202,"y":-0.008984009735286236,"z":-0.0005285257357172668,"w":0.9982723593711853},"size":5.546675205230713,"orthographic":false}