{"cameraMode":{"drawMode":31,"name":"Sprite Mask","section":"Miscellaneous"},"sceneLighting":false,"audioPlay":false,"sceneViewState":{"showFog":true,"showMaterialUpdate":false,"showSkybox":false,"showFlares":true,"showImageEffects":true,"showParticleSystems":true},"in2DMode":false,"pivot":{"x":0.7560000419616699,"y":2.0799999237060549,"z":0.0},"rotation":{"x":0.03598814085125923,"y":0.017990058287978174,"z":-0.000623420171905309,"w":0.9992209076881409},"size":4.831118583679199,"orthographic":false}