{"cameraMode":{"drawMode":31,"name":"Sprite Mask","section":"Miscellaneous"},"sceneLighting":true,"audioPlay":false,"sceneViewState":{"showFog":true,"showMaterialUpdate":false,"showSkybox":true,"showFlares":true,"showImageEffects":true,"showParticleSystems":true},"in2DMode":false,"pivot":{"x":4.071846961975098,"y":0.07191133499145508,"z":2.31107234954834},"rotation":{"x":0.27539151906967165,"y":0.00576804531738162,"z":-0.0016510059358552099,"w":0.9613213539123535},"size":15.980610847473145,"orthographic":false}