{"cameraMode":{"drawMode":31,"name":"Sprite Mask","section":"Miscellaneous"},"sceneLighting":false,"audioPlay":false,"sceneViewState":{"showFog":true,"showMaterialUpdate":false,"showSkybox":false,"showFlares":true,"showImageEffects":true,"showParticleSystems":true},"in2DMode":false,"pivot":{"x":3.990000009536743,"y":1.004293441772461,"z":-0.4599999785423279},"rotation":{"x":0.09811230003833771,"y":0.050731513649225238,"z":-0.0050078802742064,"w":0.9938740134239197},"size":2.037278652191162,"orthographic":true}