{"cameraMode":{"drawMode":31,"name":"Sprite Mask","section":"Miscellaneous"},"sceneLighting":false,"audioPlay":false,"sceneViewState":{"showFog":true,"showMaterialUpdate":false,"showSkybox":false,"showFlares":true,"showImageEffects":true,"showParticleSystems":true},"in2DMode":false,"pivot":{"x":-1.679711937904358,"y":0.6331996917724609,"z":2.184725284576416},"rotation":{"x":0.3967004418373108,"y":0.43269315361976626,"z":-0.2203434556722641,"w":0.7790340781211853},"size":2.037278652191162,"orthographic":false}