{"cameraMode":{"drawMode":31,"name":"Sprite Mask","section":"Miscellaneous"},"sceneLighting":false,"audioPlay":false,"sceneViewState":{"showFog":true,"showMaterialUpdate":false,"showSkybox":false,"showFlares":true,"showImageEffects":true,"showParticleSystems":true},"in2DMode":false,"pivot":{"x":0.7560000419616699,"y":2.0799999237060549,"z":0.0},"rotation":{"x":-0.011959717608988285,"y":-0.08389686048030853,"z":-0.0009814254008233548,"w":0.9964330792427063},"size":3.031118154525757,"orthographic":false}